Abort,,Megszakítás,,BUT,,WIN,WRKS3
Add,,Felvétel,,BUT,,WIN,WRKS3
Add >>,,Hozzáadás >>,,BUT,,WIN,WRKS3
Add All >>,,Mindegyik mezõ >>,,BUT,,WIN,WRKS3
Adjust...,,Igazítás...,,BUT,,WIN,WRKS3
Advanced>>,,Haladó>>,,BUT,,WIN,WRKS3
Apply Now,,Végrehajtás,,BUT,,WIN,WRKS3
Area labels,,Feliratok,,BUT,,WIN,WRKS3
Back,,Vissza,,BUT,,WIN,WRKS3
Cancel,,Mégsem,,BUT,,WIN,WRKS3
Change,,Javítás,,BUT,,WIN,WRKS3
Change All,,Mindet javítja,,BUT,,WIN,WRKS3
Change Envelope,,Boríték módosítása,,BUT,,WIN,WRKS3
Change Label,,Címke módosítása,,BUT,,WIN,WRKS3
Clear,,Törlés,,BUT,,WIN,WRKS3
Close,,Bezárás ,,BUT,,WIN,WRKS3
Communications,,Adatátvitel,,BUT,,WIN,WRKS3
Continue,,Tovább,,BUT,,WIN,WRKS3
Create Envelope,,Boríték készítése,,BUT,,WIN,WRKS3
Create Label,,Címkekészítés,,BUT,,WIN,WRKS3
Custom Label...,,Egyéni címke...,,BUT,,WIN,WRKS3
Database,,adatbázis,,BUT,,WIN,WRKS3
Delete,,Törlés,,BUT,,WIN,WRKS3
Delete All,,Mindent töröl,,BUT,,WIN,WRKS3
Directory...,,Könyvtár...,,BUT,,WIN,WRKS3
Duplicate,,Megkettõzés,,BUT,,WIN,WRKS3
Fields>>,,Mezõk>>,,BUT,,WIN,WRKS3
Find File...,,Fájlkeresés...,,BUT,,WIN,WRKS3
Find Next,,Következõ,,BUT,,WIN,WRKS3
Format,,Formátum,,BUT,,WIN,WRKS3
Format All,,Mind,,BUT,,WIN,WRKS3
Help,,Súgó,,BUT,,WIN,WRKS3
Ignore,,Átlépés,,BUT,,WIN,WRKS3
Ignore All,,Kihagy (mind),,BUT,,WIN,WRKS3
Insert,,Beszúrás,,BUT,,WIN,WRKS3
Instructions,,Útmutató,,BUT,,WIN,WRKS3
Left aligns text,,Balra zárt szöveg,,BUT,,WIN,WRKS3
Legend texts,,Jelmagyarázat,,BUT,,WIN,WRKS3
List,,Lista,,BUT,,WIN,WRKS3
Minitel>>,,Minitel>>,,BUT,,WIN,WRKS3
Modify...,,Módosítás...,,BUT,,WIN,WRKS3
New  Recent Documents,,Új és új keletû dokumentumok,,BUT,,WIN,WRKS3
Next,,Következõ,,BUT,,WIN,WRKS3
Page Setup...,,Oldalformátum...,,BUT,,WIN,WRKS3
Paste,,Beillesztés,,BUT,,WIN,WRKS3
Preview,,Nyomtatási kép,,BUT,,WIN,WRKS3
Previous,,Elõzõ,,BUT,,WIN,WRKS3
Print,,Nyomtatás,,BUT,,WIN,WRKS3
Printer Setup...,,Nyomtatóbeállítás...,,BUT,,WIN,WRKS3
Printer:,,Nyomtató:,,BUT,,WIN,WRKS3
Query View,,Lekérdezés nézet,,BUT,,WIN,WRKS3
Remove,,Eltávolítás,,BUT,,WIN,WRKS3
Remove All,,Egyik sem,,BUT,,WIN,WRKS3
Rename,,Átnevezés,,BUT,,WIN,WRKS3
Replace,,Csere,,BUT,,WIN,WRKS3
Replace All,,Mindet cseréli,,BUT,,WIN,WRKS3
Reset,,Alaphelyzet,,BUT,,WIN,WRKS3
Restore,,Alaphelyzet,,BUT,,WIN,WRKS3
Retry,,Újra,,BUT,,WIN,WRKS3
Set Default,,Alapértelmezés,,BUT,,WIN,WRKS3
Setup...,,Beállítás...,,BUT,,WIN,WRKS3
Skip Welcome Screen,,A kezdõ lépések kihagyása,,BUT,,WIN,WRKS3
Spreadsheet,,Számolótábla,,BUT,,WIN,WRKS3
Start Tutorial,,A Tankönyv fellapozása,,BUT,,WIN,WRKS3
Suggest,,Javaslat,,BUT,,WIN,WRKS3
Template...,,Sablon...,,BUT,,WIN,WRKS3
Test,,Próba,,BUT,,WIN,WRKS3
Use another file...,,Másik fájl...,,BUT,,WIN,WRKS3
Use WorksWizard,,Lábjegyzet Varázsló,,BUT,,WIN,WRKS3
Word Processor,,Szövegszerkesztõ,,BUT,,WIN,WRKS3
Yes,,Igen,,BUT,,WIN,WRKS3
Zoom In,,Nagyítás,,BUT,,WIN,WRKS3
Zoom Out,,Kicsinyítés,,BUT,,WIN,WRKS3
Add gridlines,,Segédvonalak,,CHX,,WIN,WRKS3
Always Suggest,,Mindig javasol,,CHX,,WIN,WRKS3
Auto series labels,,Automatikus adatsor feliratok,,CHX,,WIN,WRKS3
Automatic word selection,,Automatikus szókijelölés,,CHX,,WIN,WRKS3
Average,,Átlag,,CHX,,WIN,WRKS3
backup copy,,másolat,,CHX,,WIN,WRKS3
Best Fit,,Legjobb kitöltés,,CHX,,WIN,WRKS3
Bold,,Félkövér,,CHX,,WIN,WRKS3
Bottom,,Lent,,CHX,,WIN,WRKS3
Bulleted,,Felsorolásjelzõ,,CHX,,WIN,WRKS3
Confirm,,Megerõsítés,,CHX,,WIN,WRKS3
Count,,Darabszám,,CHX,,WIN,WRKS3
Cue Cards,,Kalauzok,,CHX,,WIN,WRKS3
Do not reduce,,Egyszerûsítés nélkül,,CHX,,WIN,WRKS3
Draft quality printing,,Vázlatos nyomtatás,,CHX,,WIN,WRKS3
Drag and drop,,Szerkesztés húzással,,CHX,,WIN,WRKS3
Enable Tool Tips,,Magyarázat,,CHX,,WIN,WRKS3
Explode Slice,,Szelet kivágása,,CHX,,WIN,WRKS3
Helpful mouse pointers,,Szemléletes egérmutatók,,CHX,,WIN,WRKS3
Hyphenate CAPS,,Nagybetûs szavak elválasztása,,CHX,,WIN,WRKS3
Ignore Parity,,Paritás nélkül,,CHX,,WIN,WRKS3
Italic,,Dõlt,,CHX,,WIN,WRKS3
Left,,Balra,,CHX,,WIN,WRKS3
Line Between,,Elválasztó vonal,,CHX,,WIN,WRKS3
Local echo,,Helyi visszhang,,CHX,,WIN,WRKS3
Locked,,Zárolt,,CHX,,WIN,WRKS3
Make,,Biztonsági,,CHX,,WIN,WRKS3
Match Case,,Kis- és nagybetûk megkülönböztetése,,CHX,,WIN,WRKS3
Match Whole Word Only,,Teljes szó keresése,,CHX,,WIN,WRKS3
Maximum,,Maximum,,CHX,,WIN,WRKS3
Minimum,,Minimum,,CHX,,WIN,WRKS3
Negative numbers in red,,Vörös negatív számok,,CHX,,WIN,WRKS3
No footer on 1st page,,Lábléc nélküli 1. oldal,,CHX,,WIN,WRKS3
No header on 1st page,,Fejléc nélküli 1. oldal,,CHX,,WIN,WRKS3
No Horizontal Axis,,Nincs vízszintes tengely,,CHX,,WIN,WRKS3
No Totals,,Nincs összesítés,,CHX,,WIN,WRKS3
No Vertical Axis,,Nincs függõleges tengely,,CHX,,WIN,WRKS3
Outline,,Kontúr,,CHX,,WIN,WRKS3
Overtype,,Átírás,,CHX,,WIN,WRKS3
Page breaks between records,,Oldaltörés a rekordok között,,CHX,,WIN,WRKS3
Print all but record rows,,Rekordsorok nélkül,,CHX,,WIN,WRKS3
Print field lines,,Mezõsorok nyomtatása,,CHX,,WIN,WRKS3
Print footnotes at end,,Lábjegyzet nyomtatása,,CHX,,WIN,WRKS3
Print gridlines,,Cellarács nyomtatása,,CHX,,WIN,WRKS3
Print merge,,Körlevél,,CHX,,WIN,WRKS3
Print record and field labels,,Rekord- és mezõfeliratok,,CHX,,WIN,WRKS3
Print row and column headers,,Sor- és oszlopfejlécek nyomtatása,,CHX,,WIN,WRKS3
Printer's envelope,,Borítékadagoló,,CHX,,WIN,WRKS3
Protect Data,,Adatvédelem,,CHX,,WIN,WRKS3
Protect Form,,Ûrlapvédelem,,CHX,,WIN,WRKS3
Read Only,,Csak olvasható,,CHX,,WIN,WRKS3
Right,,Jobbra,,CHX,,WIN,WRKS3
Show Droplines,,Esésvonalak,,CHX,,WIN,WRKS3
Show Gridlines,,Segédvonalak,,CHX,,WIN,WRKS3
Show Instructions,,Kalauzok,,CHX,,WIN,WRKS3
Show status bar,,Állapotsor,,CHX,,WIN,WRKS3
Skip capitalized words,,Nagybetûs szavak kihagyása,,CHX,,WIN,WRKS3
Slide to left,,Balra csúsztatás,,CHX,,WIN,WRKS3
Standard Deviation,,Szórás,,CHX,,WIN,WRKS3
Strikethrough,,Áthúzott,,CHX,,WIN,WRKS3
Sum,,Összeg,,CHX,,WIN,WRKS3
Top,,Fent,,CHX,,WIN,WRKS3
Typing replaces selection,,Kijelölt szöveg felülírása,,CHX,,WIN,WRKS3
Underline,,Aláhúzott,,CHX,,WIN,WRKS3
Use 3-D dialogs,,3-D párbeszédpanelek,,CHX,,WIN,WRKS3
Use header and,,Fej- és lábléc,,CHX,,WIN,WRKS3
Use Logarithmic Scale,,Logaritmikus skála,,CHX,,WIN,WRKS3
Use saved workspace,,Mentett munkaterület betöltése,,CHX,,WIN,WRKS3
Use series data,,Adatsor alapján,,CHX,,WIN,WRKS3
Variance,,Variancia,,CHX,,WIN,WRKS3
Wrap around,,Sortörés,,CHX,,WIN,WRKS3
Wrap text,,Sortörés,,CHX,,WIN,WRKS3
3-D Area...,,3D sáv...,,COM,,WIN,WRKS3
3-D Bar...,,3-D oszlop...,,COM,,WIN,WRKS3
3-D Line...,,3-D vonal...,,COM,,WIN,WRKS3
3-D Pie...,,3-D kör...,,COM,,WIN,WRKS3
Add Border,,Szegély látható,,COM,,WIN,WRKS3
Add Legend,,Jelmagyarázat látható,,COM,,WIN,WRKS3
Alignment...,,Igazítás...,,COM,,WIN,WRKS3
All Characters,,Minden jel,,COM,,WIN,WRKS3
Apply Query...\tF3,,Lekérdezés végrehajtása...\tF3,,COM,,WIN,WRKS3
Area...,,Terület...,,COM,,WIN,WRKS3
Arrange Icons,,Ikonok rendezése,,COM,,WIN,WRKS3
AutoFormat...,,Automatikus...,,COM,,WIN,WRKS3
Bar...,,Oszlop...,,COM,,WIN,WRKS3
Basic Skills,,Alapismeretek,,COM,,WIN,WRKS3
Bookmark Name...,,Könyvjelzõnév...,,COM,,WIN,WRKS3
Border...,,Szegély...,,COM,,WIN,WRKS3
Break,,Megszakítás,,COM,,WIN,WRKS3
Breaks and Spacing,,Térközök és tördelés,,COM,,WIN,WRKS3
Bring To Front,,Elõrehozás,,COM,,WIN,WRKS3
Calculate Now\tF9,,Számítás azonnal\tF9,,COM,,WIN,WRKS3
Cancel Recording,,Rögzítés megszakítása,,COM,,WIN,WRKS3
Cannot Undo,,Nem vonható vissza,,COM,,WIN,WRKS3
Capture Text...,,Szöveg befogása...,,COM,,WIN,WRKS3
Cascade,,Lépcsõzetes elrendezés,,COM,,WIN,WRKS3
Change Label,,Címkemódosítás,,COM,,WIN,WRKS3
Change Object Size,,Objektumméret,,COM,,WIN,WRKS3
Changing an entry,,Cellák módosítása,,COM,,WIN,WRKS3
Changing field entries,,Mezõk módosítása,,COM,,WIN,WRKS3
Chart...,,Diagram...,,COM,,WIN,WRKS3
Charting overview,,Diagram áttekintése,,COM,,WIN,WRKS3
Clear,,Tartalom törlése,,COM,,WIN,WRKS3
Clear Field Entry,,Mezõtartalom törlése,,COM,,WIN,WRKS3
Clear\tDel,,Törlés\tDel,,COM,,WIN,WRKS3
ClipArt...,,ClipArt...,,COM,,WIN,WRKS3
Close,,Bezárás,,COM,,WIN,WRKS3
Column Width,,Oszlopszélesség,,COM,,WIN,WRKS3
Columns...,,Hasábok...,,COM,,WIN,WRKS3
Combination...,,Kombinált...,,COM,,WIN,WRKS3
Communication,,Kommunikáció,,COM,,WIN,WRKS3
Contents,,Tartalom,,COM,,WIN,WRKS3
Copy Record\tCtrl+Shift+C,,Rekord másolása\tCtrl+Shift+C,,COM,,WIN,WRKS3
Copy Report Output,,Jelentés eredményének másolása,,COM,,WIN,WRKS3
Copy\tCtrl+C,,Másolás\tCtrl+C,,COM,,WIN,WRKS3
Create Label,,Címkekészítés,,COM,,WIN,WRKS3
Create New Chart...,,Új diagram készítése...,,COM,,WIN,WRKS3
Create New File...,,Új fájl létrehozása...,,COM,,WIN,WRKS3
Create New Query...,,Új lekérdezés készítése...,,COM,,WIN,WRKS3
Create New Report...,,Új jelentés készítése...,,COM,,WIN,WRKS3
Creating a chart,,Diagram készítése,,COM,,WIN,WRKS3
Creating a database,,Adatbázis készítése,,COM,,WIN,WRKS3
Creating a document,,Dokumentum készítése,,COM,,WIN,WRKS3
Creating a report,,Jelentés készítése,,COM,,WIN,WRKS3
Creating a spreadsheet,,Számolótábla készítése,,COM,,WIN,WRKS3
Cue Cards,,Kalauzok,,COM,,WIN,WRKS3
Customize Toolbar...,,Egyedi eszköztár...,,COM,,WIN,WRKS3
Cut Record\tCtrl+Shift+X,,Rekord kivágása\tCtrl+Shift+X,,COM,,WIN,WRKS3
Cut\tCtrl+X,,Kivágás\tCtrl+X,,COM,,WIN,WRKS3
Data Labels...,,Adatfeliratok...,,COM,,WIN,WRKS3
Database Field...,,Adatbázis mezõ...,,COM,,WIN,WRKS3
Delete Chart...,,Diagram törlése...,,COM,,WIN,WRKS3
Delete Column,,Oszloptörlés,,COM,,WIN,WRKS3
Delete Field,,Mezõ törlése,,COM,,WIN,WRKS3
Delete Label,,Címke törlése,,COM,,WIN,WRKS3
Delete Page Break,,Oldaltörés törlése,,COM,,WIN,WRKS3
Delete Query...,,Lekérdezés törlése...,,COM,,WIN,WRKS3
Delete Record,,Rekord törlése,,COM,,WIN,WRKS3
Delete Record/Field,,Rekord/mezõ törlése,,COM,,WIN,WRKS3
Delete Report...,,Jelentés törlése...,,COM,,WIN,WRKS3
Delete Row/Column,,Sor/oszlop törlése,,COM,,WIN,WRKS3
Delete Selection,,Kijelölés törlése,,COM,,WIN,WRKS3
Delete Selection,,Törlés,,COM,,WIN,WRKS3
Dial,,Tárcsázás,,COM,,WIN,WRKS3
Dial Again,,Tárcsázás ismétlése,,COM,,WIN,WRKS3
Dial This Number,,Kijelölt szám tárcsázása,,COM,,WIN,WRKS3
Display as Printed,,Nyomtatható színek,,COM,,WIN,WRKS3
Document Basics,,Dokumentumok áttekintése,,COM,,WIN,WRKS3
Draft View,,Vázlatos nézet,,COM,,WIN,WRKS3
Drag and Drop,,Húzás,,COM,,WIN,WRKS3
Drawing...,,Rajz...,,COM,,WIN,WRKS3
Duplicate Chart...,,Diagram megkettõzése...,,COM,,WIN,WRKS3
Duplicate Query...,,Lekérdezés megkettõzése...,,COM,,WIN,WRKS3
Duplicate Report...,,Jelentés megkettõzése...,,COM,,WIN,WRKS3
Easy Connect...,,Gyors kapcsolás...,,COM,,WIN,WRKS3
Edit Object,,Objektumszerkesztés,,COM,,WIN,WRKS3
Edit Script...,,Parancslista szerkesztése...,,COM,,WIN,WRKS3
Editing an entry,,Cellák módosítása,,COM,,WIN,WRKS3
End Capture Text,,Befogás megszakítása,,COM,,WIN,WRKS3
End Recording,,Rögzítés vége,,COM,,WIN,WRKS3
Envelopes and Labels...,,Borítékok és címkék...,,COM,,WIN,WRKS3
Exit && Return,,Kilépés és visszatérés,,COM,,WIN,WRKS3
Exit Works,,Kilépés a Worksbõl,,COM,,WIN,WRKS3
Field Entry...,,Mezõ tartalma...,,COM,,WIN,WRKS3
Field Lines,,Mezõsorok,,COM,,WIN,WRKS3
Field Name...,,Mezõnév...,,COM,,WIN,WRKS3
Field Name...,,Mezõnév...,,COM,,WIN,WRKS3
Field Size...,,Mezõméret...,,COM,,WIN,WRKS3
Field Summary...,,Összesítés...,,COM,,WIN,WRKS3
Field Width,,Mezõszélesség,,COM,,WIN,WRKS3
Field...,,Mezõ...,,COM,,WIN,WRKS3
Fill Down,,Kitöltés lefelé,,COM,,WIN,WRKS3
Fill Right,,Kitöltés jobbra,,COM,,WIN,WRKS3
Fill Series...,,Kitöltés sorozatban...,,COM,,WIN,WRKS3
Find Information...,,Információ keresése...,,COM,,WIN,WRKS3
Find...,,Keresés...,,COM,,WIN,WRKS3
Font and Style...,,Betûtípus és változat...,,COM,,WIN,WRKS3
Footnote...,,Lábjegyzet...,,COM,,WIN,WRKS3
Form,,Ûrlap,,COM,,WIN,WRKS3
Form view,,Ûrlap nézet áttekintése,,COM,,WIN,WRKS3
Format,,Formátum,,COM,,WIN,WRKS3
Format for Printer,,Nyomtatóra formázás,,COM,,WIN,WRKS3
Formulas,,Képletek,,COM,,WIN,WRKS3
Form\tF9,,Ûrlap\tF9,,COM,,WIN,WRKS3
Freeze Titles,,Címek rögzítése,,COM,,WIN,WRKS3
Function...,,Függvény...,,COM,,WIN,WRKS3
Go To...\tF5,,Ugrás...\tF5,,COM,,WIN,WRKS3
Gridlines,,Cellarács,,COM,,WIN,WRKS3
Hang Up,,Bontás,,COM,,WIN,WRKS3
Headers and Footers...,,Fejléc és lábléc...,,COM,,WIN,WRKS3
Hide Record,,Rekord elrejtése,,COM,,WIN,WRKS3
Horizontal (X) Axis...,,Vízszintes tengely (X)...,,COM,,WIN,WRKS3
How to Use Help,,A Súgó használata,,COM,,WIN,WRKS3
Hyphenation...,,Elválasztás...,,COM,,WIN,WRKS3
Indents and Alignment,,Behúzás és igazítás,,COM,,WIN,WRKS3
Insert,,Beszúrás,,COM,,WIN,WRKS3
Insert Label,,Feliratbeszúrás,,COM,,WIN,WRKS3
Insert Record,,Rekordbeszúrás,,COM,,WIN,WRKS3
Label...,,Címke...,,COM,,WIN,WRKS3
Legend/Series Labels...,,Jelmagyarázat/adatsor feliratok...,,COM,,WIN,WRKS3
Line...,,Vonal...,,COM,,WIN,WRKS3
Links...,,Csatolások...,,COM,,WIN,WRKS3
List,,Lista,,COM,,WIN,WRKS3
List view,,Lista nézet áttekintése,,COM,,WIN,WRKS3
List\tF9,,Lista\tF9,,COM,,WIN,WRKS3
Make 3-D,,3D hatás,,COM,,WIN,WRKS3
Manual Calculation,,Kézi számítás,,COM,,WIN,WRKS3
Mixed Line and Bar...,,Oszlop és vonal együtt...,,COM,,WIN,WRKS3
Modem...,,Modem...,,COM,,WIN,WRKS3
Name Chart...,,Diagram elnevezése...,,COM,,WIN,WRKS3
Name Query...,,Lekérdezés elnevezése...,,COM,,WIN,WRKS3
Name Report,,Jelentés elnevezése,,COM,,WIN,WRKS3
Normal,,Normál,,COM,,WIN,WRKS3
Note-It...,,Note-It...,,COM,,WIN,WRKS3
Number...,,Szám...,,COM,,WIN,WRKS3
Object,,Objektum,,COM,,WIN,WRKS3
Object Text Wrap,,Objektumtördelés,,COM,,WIN,WRKS3
Open Existing File...,,Létezõ fájl megnyitása...,,COM,,WIN,WRKS3
Options...,,Egyebek...,,COM,,WIN,WRKS3
Page Break\tCtrl+Enter,,Oldaltörés\tCtrl+Enter,,COM,,WIN,WRKS3
Page Layout,,Nyomtatott forma,,COM,,WIN,WRKS3
Page Setup...,,Oldalbeállítás...,,COM,,WIN,WRKS3
Paginate Now\tF9,,Tördelés azonnal\tF9,,COM,,WIN,WRKS3
Paragraph...,,Bekezdés...,,COM,,WIN,WRKS3
Paste,,Beillesztés,,COM,,WIN,WRKS3
Paste Record\011Ctrl+V,,Rekord beillesztése\011Ctrl+V,,COM,,WIN,WRKS3
Paste Series...\tCtrl+V,,Adatsor beillesztése...\tCtrl+V,,COM,,WIN,WRKS3
Paste Special...,,Irányított beillesztés...,,COM,,WIN,WRKS3
Paste\tCtrl+V,,Beillesztés\tCtrl+V,,COM,,WIN,WRKS3
Patterns and Colors...,,Minták és színek...,,COM,,WIN,WRKS3
Patterns...,,Mintázat...,,COM,,WIN,WRKS3
Pause,,Szünet,,COM,,WIN,WRKS3
Phone...,,Telefon...,,COM,,WIN,WRKS3
Pie...,,Kör...,,COM,,WIN,WRKS3
Position Field,,Mezõ áthelyezése,,COM,,WIN,WRKS3
Position Label,,Felirat áthelyezése,,COM,,WIN,WRKS3
Position Selection,,Áthelyezés,,COM,,WIN,WRKS3
Print Preview,,Nyomtatási kép,,COM,,WIN,WRKS3
Print...\tCtrl+P,,Nyomtatás...\tCtrl+Y,,COM,,WIN,WRKS3
Printer Setup...,,Nyomtatóbeállítás...,,COM,,WIN,WRKS3
Protection...,,Adatvédelem...,,COM,,WIN,WRKS3
Query view,,Lekérdezés áttekintése,,COM,,WIN,WRKS3
Quick Formats,,Gyors formázás,,COM,,WIN,WRKS3
Radar...,,Sugár...,,COM,,WIN,WRKS3
Range Name...,,Tartománynév...,,COM,,WIN,WRKS3
Receive File...,,Fájl fogadása...,,COM,,WIN,WRKS3
Record,,Rekord,,COM,,WIN,WRKS3
Record Height...,,Rekordmagasság...,,COM,,WIN,WRKS3
Record Script...,,Parancslista rögzítése...,,COM,,WIN,WRKS3
Record/Field,,Rekord/mezõ,,COM,,WIN,WRKS3
Rectangle,,Téglalap,,COM,,WIN,WRKS3
Replace...,,Csere...,,COM,,WIN,WRKS3
Report...,,Jelentés...,,COM,,WIN,WRKS3
Reporting overview,,Jelentés áttekintése,,COM,,WIN,WRKS3
Right Vertical (Y) Axis...,,Jobb oldali függõleges tengely (Y)...,,COM,,WIN,WRKS3
Row Height,,Sormagasság,,COM,,WIN,WRKS3
Row/Column,,Sor/oszlop,,COM,,WIN,WRKS3
Ruler,,Vonalzó,,COM,,WIN,WRKS3
Save As...,,Mentés másként...,,COM,,WIN,WRKS3
Save Workspace,,Munkaterület mentése,,COM,,WIN,WRKS3
Save\tCtrl+S,,Mentés\tCtrl+M,,COM,,WIN,WRKS3
Search for Help on...,,Témakörök keresése...,,COM,,WIN,WRKS3
Select All,,Teljes kijelölés,,COM,,WIN,WRKS3
Select Column,,Oszlop kijelölése,,COM,,WIN,WRKS3
Select Field,,Mezõ kijelölése,,COM,,WIN,WRKS3
Select Record,,Rekord kijelölése,,COM,,WIN,WRKS3
Select Row,,Sor kijelölése,,COM,,WIN,WRKS3
Select Title Text\tCtrl+T,,Címszöveg kijelölése\tCtrl+L,,COM,,WIN,WRKS3
Send File...,,Fájl küldése...,,COM,,WIN,WRKS3
Send Text...,,Szöveg küldése...,,COM,,WIN,WRKS3
Send To Back,,Hátraküldés,,COM,,WIN,WRKS3
Send...,,Küldés...,,COM,,WIN,WRKS3
Series...,,Adatsorok...,,COM,,WIN,WRKS3
Set Preferred Chart,,Alaptípus kijelölése,,COM,,WIN,WRKS3
Set Print Area,,Nyomtatásra kijelölt terület,,COM,,WIN,WRKS3
Show All Records,,Összes rekord látható,,COM,,WIN,WRKS3
Show Field Name,,Mezõnév látható,,COM,,WIN,WRKS3
Snap To Grid,,Rácshoz igazítás,,COM,,WIN,WRKS3
Sort,,Rendezés,,COM,,WIN,WRKS3
Sort Records...,,Rekordok rendezése...,,COM,,WIN,WRKS3
Sort Rows...,,Sorok rendezése...,,COM,,WIN,WRKS3
Special Character...,,Speciális jel...,,COM,,WIN,WRKS3
Spelling...,,Helyesírás...,,COM,,WIN,WRKS3
Split,,Felosztás,,COM,,WIN,WRKS3
Spreadsheet,,Számolótábla,,COM,,WIN,WRKS3
Spreadsheet overview,,Számolótábla áttekintése,,COM,,WIN,WRKS3
Spreadsheet/Table...,,Számolótábla/táblázat...,,COM,,WIN,WRKS3
Stacked Line...,,Halmozott vonal...,,COM,,WIN,WRKS3
Switch Hidden Records,,Váltás a rejtett rekordokra,,COM,,WIN,WRKS3
Tabs...,,Tabulátorok...,,COM,,WIN,WRKS3
Templates...,,Sablonok...,,COM,,WIN,WRKS3
Terminal...,,Terminál...,,COM,,WIN,WRKS3
Thesaurus...,,Szinonimaszótár...,,COM,,WIN,WRKS3
Tile,,Mozaik elrendezés,,COM,,WIN,WRKS3
Titles...,,Címek...,,COM,,WIN,WRKS3
Toolbar,,Eszköztár,,COM,,WIN,WRKS3
Topic:...\tF1,,Téma:...\tF1,,COM,,WIN,WRKS3
Transfer...,,Átvitel...,,COM,,WIN,WRKS3
Tutorial\tShift+F1,,Tankönyv\tShift+F1,,COM,,WIN,WRKS3
Two Vertical (Y) Axes...,,Két függõleges tengely (Y)...,,COM,,WIN,WRKS3
Undo\tCtrl+Z,,Visszavonás\tCtrl+Z,,COM,,WIN,WRKS3
Update,,Frissítés,,COM,,WIN,WRKS3
Vertical (Y) Axis...,,Függõleges tengely (Y)...,,COM,,WIN,WRKS3
Word Count,,Szavak száma,,COM,,WIN,WRKS3
Word Processor overview,,Szövegszerkesztõ áttekintése,,COM,,WIN,WRKS3
WorksWizards...,,Works Varázslók...,,COM,,WIN,WRKS3
Wrap for Window,,Illesztés az ablakba,,COM,,WIN,WRKS3
Zoom...,,Nagyítás...,,COM,,WIN,WRKS3
1st Column,,1. oszlop,,DIA,,WIN,WRKS3
1st Field,,1. mezõ,,DIA,,WIN,WRKS3
1st Label,,1. felirat,,DIA,,WIN,WRKS3
1st Value Series,,1. értéksorozat,,DIA,,WIN,WRKS3
3rd Column,,3. oszlop,,DIA,,WIN,WRKS3
3rd Field,,3. mezõ,,DIA,,WIN,WRKS3
Address:,,Címzett:,,DIA,,WIN,WRKS3
Apply relative to,,Viszonyítási alap,,DIA,,WIN,WRKS3
Bars:,,Oszlopok:,,DIA,,WIN,WRKS3
Border,,Szegély,,DIA,,WIN,WRKS3
Bytes received:,,Fogadott bájtok száma:,,DIA,,WIN,WRKS3
Bytes sent:,,Küldött bájtok száma:,,DIA,,WIN,WRKS3
Category,,Kategória,,DIA,,WIN,WRKS3
Chart:,,Diagram:,,DIA,,WIN,WRKS3
Choose Database,,Adatbázis kiválasztása,,DIA,,WIN,WRKS3
Comma,,Tagolt,,DIA,,WIN,WRKS3
Commands,,Parancsok,,DIA,,WIN,WRKS3
Communications,,Adatátvitel,,DIA,,WIN,WRKS3
Connect option,,Kapcsolatfelvétel,,DIA,,WIN,WRKS3
Create a new,,Új dokumentum létrehozása,,DIA,,WIN,WRKS3
Currency,,Pénznem,,DIA,,WIN,WRKS3
Current database:,,Kiválasztott adatbázis:,,DIA,,WIN,WRKS3
Data,,Mezõ,,DIA,,WIN,WRKS3
Data bits,,Adatbitek,,DIA,,WIN,WRKS3
Date,,Dátum,,DIA,,WIN,WRKS3
Description,,Leírás,,DIA,,WIN,WRKS3
Diagram,,Vázlat,,DIA,,WIN,WRKS3
Dial type,,Tárcsázási mód,,DIA,,WIN,WRKS3
Directories:,,Az élõ könyvtár:,,DIA,,WIN,WRKS3
Drives:,,Lemezmeghajtó:,,DIA,,WIN,WRKS3
End of Lines,,Sorok vége,,DIA,,WIN,WRKS3
Envelope size,,Boríték mérete,,DIA,,WIN,WRKS3
Error Count:,,Hibák száma:,,DIA,,WIN,WRKS3
Exponential,,Tudományos,,DIA,,WIN,WRKS3
Fields in Report:,,Mezõk a jelentésben:,,DIA,,WIN,WRKS3
File Type,,Fájltípus,,DIA,,WIN,WRKS3
Finishing touches,,Utolsó simítások,,DIA,,WIN,WRKS3
First column contains:,,Az elsõ oszlop tartalma:,,DIA,,WIN,WRKS3
First row contains:,,Az elsõ sor tartalma:,,DIA,,WIN,WRKS3
Fixed,,Tizedes,,DIA,,WIN,WRKS3
Footnote Type,,Lábjegyzet típusa,,DIA,,WIN,WRKS3
Format,,Formátum,,DIA,,WIN,WRKS3
Fraction,,Tört,,DIA,,WIN,WRKS3
Handshake,,Vezérlés,,DIA,,WIN,WRKS3
In Word Processor,,Szövegszerkesztõ,,DIA,,WIN,WRKS3
Indents,,Behúzások,,DIA,,WIN,WRKS3
Insert Label,,Felirat beszúrása,,DIA,,WIN,WRKS3
Label spacing,,Címkék távolsága,,DIA,,WIN,WRKS3
Label style:,,Címke típusa:,,DIA,,WIN,WRKS3
Label:,,Címke:,,DIA,,WIN,WRKS3
Leader,,Vezetõ,,DIA,,WIN,WRKS3
Leading Zeros,,Vezetõ nullák,,DIA,,WIN,WRKS3
Line Spacing,,Sorköz,,DIA,,WIN,WRKS3
Line Style,,Vonaltípus,,DIA,,WIN,WRKS3
List Files of Type:,,Fájltípus:,,DIA,,WIN,WRKS3
Look By,,Keresés iránya,,DIA,,WIN,WRKS3
Look by,,Keresés iránya,,DIA,,WIN,WRKS3
Look in,,Keresés módja,,DIA,,WIN,WRKS3
Magnification (%),,Mérték (%),,DIA,,WIN,WRKS3
Margins,,Margók,,DIA,,WIN,WRKS3
Match,,Keresés,,DIA,,WIN,WRKS3
Modem Test Status,,A modem teszt eredménye,,DIA,,WIN,WRKS3
Names:,,Névlista:,,DIA,,WIN,WRKS3
Number of Labels,,Címkék száma,,DIA,,WIN,WRKS3
Options,,Egyebek,,DIA,,WIN,WRKS3
Orientation,,Tájolás,,DIA,,WIN,WRKS3
Original size,,Eredeti méret,,DIA,,WIN,WRKS3
Parity,,Paritás,,DIA,,WIN,WRKS3
Percent,,Százalék,,DIA,,WIN,WRKS3
Percent Complete:,,Teljesítve:,,DIA,,WIN,WRKS3
Picture/Object...,,Kép/objektum...,,DIA,,WIN,WRKS3
Position,,Pozíció,,DIA,,WIN,WRKS3
Position Statistics,,Statisztika pozíciója,,DIA,,WIN,WRKS3
Print Range,,Nyomtatandó tartomány,,DIA,,WIN,WRKS3
Print which items,,Nyomtatandó tételek,,DIA,,WIN,WRKS3
Print which records,,Rekordok nyomtatása,,DIA,,WIN,WRKS3
Protection,,Védelem,,DIA,,WIN,WRKS3
Queries,,Lekérdezések,,DIA,,WIN,WRKS3
Receiving File:,,Fájl fogadása:,,DIA,,WIN,WRKS3
Report:,,Jelentés:,,DIA,,WIN,WRKS3
Results,,Eredmények,,DIA,,WIN,WRKS3
Return address:,,Feladó:,,DIA,,WIN,WRKS3
Sample,,Minta,,DIA,,WIN,WRKS3
Save File as Type:,,Fájltípus:,,DIA,,WIN,WRKS3
Scaling,,Méretezés,,DIA,,WIN,WRKS3
Send mail as,,Küldés,,DIA,,WIN,WRKS3
Sending File:,,Fájl küldése:,,DIA,,WIN,WRKS3
Sending Text:,,Szöveg küldése:,,DIA,,WIN,WRKS3
Series,,Adatsor,,DIA,,WIN,WRKS3
Series Labels,,Adatsor feliratok,,DIA,,WIN,WRKS3
Settings,,Beállítások,,DIA,,WIN,WRKS3
Shading,,Árnyékolás,,DIA,,WIN,WRKS3
Size,,Méret,,DIA,,WIN,WRKS3
Slices:,,Szeletek:,,DIA,,WIN,WRKS3
Spreadsheet and Database,,Számolótábla és adatbázis,,DIA,,WIN,WRKS3
Statistics,,Statisztika,,DIA,,WIN,WRKS3
Status,,Státusz,,DIA,,WIN,WRKS3
StatusAction:,,Jelenlegi státusz:,,DIA,,WIN,WRKS3
Stop bits,,Stopbitek,,DIA,,WIN,WRKS3
Style,,Változat,,DIA,,WIN,WRKS3
Text Transfers,,Szövegátvitel,,DIA,,WIN,WRKS3
Time,,Idõ,,DIA,,WIN,WRKS3
Toolbar Buttons,,Eszköztár nyomógombjai,,DIA,,WIN,WRKS3
Type,,Típus,,DIA,,WIN,WRKS3
Type of script:,,Parancslista típusa:,,DIA,,WIN,WRKS3
Unit Count:,,Egységek száma:,,DIA,,WIN,WRKS3
Units,,Egység,,DIA,,WIN,WRKS3
Units,,Mértékegység,,DIA,,WIN,WRKS3
Use Selection For Series:,,Adatsorok a kijelölés szerint:,,DIA,,WIN,WRKS3
Value (Y) Series,,Értéksorozat (Y),,DIA,,WIN,WRKS3
Vertical,,Függõleges,,DIA,,WIN,WRKS3
What to print,,Nyomtatandó,,DIA,,WIN,WRKS3
Wrap,,Sortörés,,DIA,,WIN,WRKS3
Clear Field Entry,,Mezõtartalom törlése,,MNU,,WIN,WRKS3
Delete,,Törlés,,MNU,,WIN,WRKS3
Edit,,Szerkesztés,,MNU,,WIN,WRKS3
File,,Fájl,,MNU,,WIN,WRKS3
Format,,Formátum,,MNU,,WIN,WRKS3
Gallery,,Diagramkészlet,,MNU,,WIN,WRKS3
Insert,,Beszúrás,,MNU,,WIN,WRKS3
Object,,Objektum,,MNU,,WIN,WRKS3
Phone,,Telefon,,MNU,,WIN,WRKS3
Settings,,Beállítások,,MNU,,WIN,WRKS3
Tools,,Eszközök,,MNU,,WIN,WRKS3
View,,Nézet,,MNU,,WIN,WRKS3
Window,,Ablak,,MNU,,WIN,WRKS3
1st line indent,,1. sor behúzása,,OPT,,WIN,WRKS3
3-D Rows,,3-D sorok,,OPT,,WIN,WRKS3
A category,,Kategóriák,,OPT,,WIN,WRKS3
A value (Y) series,,Értéksor (Y),,OPT,,WIN,WRKS3
Absolute,,Oldal,,OPT,,WIN,WRKS3
Across,,Vízszintes,,OPT,,WIN,WRKS3
Add values,,Értékek hozzáadása,,OPT,,WIN,WRKS3
All items,,Mind,,OPT,,WIN,WRKS3
All records,,Minden rekord,,OPT,,WIN,WRKS3
And,,És,,OPT,,WIN,WRKS3
Auto answer,,Automatikus felvétel,,OPT,,WIN,WRKS3
Bar B,,Oszlop B,,OPT,,WIN,WRKS3
Bold,,Félkövér,,OPT,,WIN,WRKS3
Bottom,,Lent,,OPT,,WIN,WRKS3
Bulleted,,Felsorolásjelzõ,,OPT,,WIN,WRKS3
Category labels,,Kategória felirata,,OPT,,WIN,WRKS3
Cell Contents,,Cellák tartalma,,OPT,,WIN,WRKS3
Cell Range,,Cellatartomány,,OPT,,WIN,WRKS3
Center,,Középre zárt,,OPT,,WIN,WRKS3
Centimeters,,Centiméter,,OPT,,WIN,WRKS3
Character mark,,Másként jelölt,,OPT,,WIN,WRKS3
Character Style,,Betûtípus és változat,,OPT,,WIN,WRKS3
Column,,Oszlop,,OPT,,WIN,WRKS3
Comma,,Tagolt,,OPT,,WIN,WRKS3
contains,,tartalmazza,,OPT,,WIN,WRKS3
Currency,,Pénznem,,OPT,,WIN,WRKS3
Current date,,Aktuális dátum,,OPT,,WIN,WRKS3
Current indent,,Aktuális behúzás,,OPT,,WIN,WRKS3
Current record only,,Aktuális rekord,,OPT,,WIN,WRKS3
Current time,,Aktuális idõ,,OPT,,WIN,WRKS3
Dashed,,Szaggatott,,OPT,,WIN,WRKS3
Data,,Adat,,OPT,,WIN,WRKS3
Date,,Dátum,,OPT,,WIN,WRKS3
Date and Time,,Dátum és idõ,,OPT,,WIN,WRKS3
Day,,Nap,,OPT,,WIN,WRKS3
Decimal,,Tizedesjel,,OPT,,WIN,WRKS3
Descend B,,Csökkenõ B,,OPT,,WIN,WRKS3
Dial once,,Egyszeri tárcsázással,,OPT,,WIN,WRKS3
Document,,Dokumentum,,OPT,,WIN,WRKS3
Don't use,,Nem használt,,OPT,,WIN,WRKS3
Dotted,,Pontozott,,OPT,,WIN,WRKS3
Double,,Dupla,,OPT,,WIN,WRKS3
Down,,Függõleges,,OPT,,WIN,WRKS3
End-of-line mark,,Sor-vége jel,,OPT,,WIN,WRKS3
Envelope,,Boríték,,OPT,,WIN,WRKS3
Even,,Páros,,OPT,,WIN,WRKS3
Exponential,,Tudományos,,OPT,,WIN,WRKS3
Field,,Mezõ,,OPT,,WIN,WRKS3
Field entries only,,Csak a bejegyzések,,OPT,,WIN,WRKS3
Fields,,Mezõnként,,OPT,,WIN,WRKS3
Fill,,Kitöltve,,OPT,,WIN,WRKS3
Financial,,Pénzügyi,,OPT,,WIN,WRKS3
Fixed,,Tizedes,,OPT,,WIN,WRKS3
Formulas,,Képletek,,OPT,,WIN,WRKS3
Fraction,,Tört,,OPT,,WIN,WRKS3
Full page,,Teljes oldal,,OPT,,WIN,WRKS3
"Full page, keep proportions",,Arányos teljes oldal,,OPT,,WIN,WRKS3
General,,Normál,,OPT,,WIN,WRKS3
Hair,,Hajszál,,OPT,,WIN,WRKS3
Hanging indent,,Függõ behúzás,,OPT,,WIN,WRKS3
Hardware,,Hardver,,OPT,,WIN,WRKS3
Horizontal (X) series,,Adatsor (X),,OPT,,WIN,WRKS3
In-Line,,Szöveg,,OPT,,WIN,WRKS3
Inches,,Hüvelyk,,OPT,,WIN,WRKS3
Informational,,Tájékoztató,,OPT,,WIN,WRKS3
is equal to,,egyenlõ,,OPT,,WIN,WRKS3
is greater than,,nagyobb mint,,OPT,,WIN,WRKS3
is greater than or equal to,,nagyobb vagy egyenlõ mint,,OPT,,WIN,WRKS3
is less than,,kisebb mint,,OPT,,WIN,WRKS3
is less than or equal to,,kisebb vagy egyenlõ mint,,OPT,,WIN,WRKS3
is not equal to,,nem egyenlõ,,OPT,,WIN,WRKS3
Justified,,Sorkizárt,,OPT,,WIN,WRKS3
Labels,,Címkék,,OPT,,WIN,WRKS3
Landscape,,Fekvõ,,OPT,,WIN,WRKS3
Leading Zeros,,Vezetõ nullák,,OPT,,WIN,WRKS3
Left,,Balra zárt,,OPT,,WIN,WRKS3
Left Margin,,Bal margó,,OPT,,WIN,WRKS3
Logical,,Logikai,,OPT,,WIN,WRKS3
Main Document,,Fõdokumentum,,OPT,,WIN,WRKS3
Mark,,Jel,,OPT,,WIN,WRKS3
Millimeters,,Milliméter,,OPT,,WIN,WRKS3
Month,,Hónap,,OPT,,WIN,WRKS3
New chart,,Új diagram,,OPT,,WIN,WRKS3
New table,,Új táblázat,,OPT,,WIN,WRKS3
Next record,,Következõ rekord,,OPT,,WIN,WRKS3
Non-breaking hyphen,,Nem törhetõ kötõjel,,OPT,,WIN,WRKS3
Non-breaking space,,Nem törhetõ szóköz,,OPT,,WIN,WRKS3
None,,Nincs,,OPT,,WIN,WRKS3
Normal,,Normál,,OPT,,WIN,WRKS3
Number,,Szám,,OPT,,WIN,WRKS3
Numbered,,Számozott,,OPT,,WIN,WRKS3
Odd,,Páratlan,,OPT,,WIN,WRKS3
Optional hyphen,,Feltételes kötõjel,,OPT,,WIN,WRKS3
Orientation:,,Tájolás:,,OPT,,WIN,WRKS3
Other,,Egyebek,,OPT,,WIN,WRKS3
Pages,,Megadott tartomány,,OPT,,WIN,WRKS3
Paragraph Format,,Bekezdés-formátum,,OPT,,WIN,WRKS3
Percent,,Százalék,,OPT,,WIN,WRKS3
Percentages,,Százalékok,,OPT,,WIN,WRKS3
Pica,,Pica,,OPT,,WIN,WRKS3
Picture from File,,Kép fájlból,,OPT,,WIN,WRKS3
Points,,Pont,,OPT,,WIN,WRKS3
Portrait,,Álló,,OPT,,WIN,WRKS3
Print date,,Nyomtatás dátuma,,OPT,,WIN,WRKS3
Print filename,,Fájlnév,,OPT,,WIN,WRKS3
Print long date,,Nyomtatás teljes dátuma,,OPT,,WIN,WRKS3
Print page number,,Oldalszám,,OPT,,WIN,WRKS3
Print time,,Nyomtatás ideje,,OPT,,WIN,WRKS3
Pulse,,Impulzus,,OPT,,WIN,WRKS3
Quotation,,Idézet,,OPT,,WIN,WRKS3
Record,,Rekord,,OPT,,WIN,WRKS3
Records,,Rekordonként,,OPT,,WIN,WRKS3
Redial,,Ismételt tárcsázással,,OPT,,WIN,WRKS3
Right,,Jobbra,,OPT,,WIN,WRKS3
Row,,Sor,,OPT,,WIN,WRKS3
Rows,,Soronként,,OPT,,WIN,WRKS3
Screen size,,Képernyõméret,,OPT,,WIN,WRKS3
Show Cue Cards,,Kalauzok megjelenítése,,OPT,,WIN,WRKS3
Sign-on,,Bejelentkezés,,OPT,,WIN,WRKS3
Stacked,,Halmozott,,OPT,,WIN,WRKS3
Statistical,,Statisztikai,,OPT,,WIN,WRKS3
Subscript,,Alsó index,,OPT,,WIN,WRKS3
Subtract values,,Értékek kivonása,,OPT,,WIN,WRKS3
SUM,,SZUM,,OPT,,WIN,WRKS3
Superscript,,Felsõ index,,OPT,,WIN,WRKS3
Text,,Szöveg,,OPT,,WIN,WRKS3
Thick,,Vastag,,OPT,,WIN,WRKS3
Time,,Idõ,,OPT,,WIN,WRKS3
Together in rows,,Sorokkal együtt,,OPT,,WIN,WRKS3
Tone,,Dallam,,OPT,,WIN,WRKS3
Top,,Fent,,OPT,,WIN,WRKS3
True/False,,Igaz/Hamis,,OPT,,WIN,WRKS3
Turn off Cue Cards,,Kalauzok kikapcsolása,,OPT,,WIN,WRKS3
Under each column,,Minden rovat alatt,,OPT,,WIN,WRKS3
Use as area labels,,Feliratként,,OPT,,WIN,WRKS3
Use as legend,,Jelmagyarázatként,,OPT,,WIN,WRKS3
Use existing chart,,Létezõ diagram,,OPT,,WIN,WRKS3
Use existing spreadsheet range,,Meglévõ számolótábla tartománya,,OPT,,WIN,WRKS3
Values,,Értékek,,OPT,,WIN,WRKS3
Values only,,Csak az értékek,,OPT,,WIN,WRKS3
Weekday,,Hétköznap,,OPT,,WIN,WRKS3
1st page number:,,Kezdõ oldalszám:,,TDB,,WIN,WRKS3
About Microsoft Works,,Névjegy,,TDB,,WIN,WRKS3
Absolute,,Oldal,,TDB,,WIN,WRKS3
Alignment,,Igazítás,,TDB,,WIN,WRKS3
Apply Query,,Lekérdezés végrehajtása,,TDB,,WIN,WRKS3
AutoFormat,,Automatikus formázás,,TDB,,WIN,WRKS3
Bookmark Name,,Könyvjelzõnév,,TDB,,WIN,WRKS3
Border,,Szegély,,TDB,,WIN,WRKS3
Bottom margin:,,Alsó margó:,,TDB,,WIN,WRKS3
Bytes received:,,Fogadott bájtok száma:,,TDB,,WIN,WRKS3
Bytes sent:,,Elküldött bájtok száma:,,TDB,,WIN,WRKS3
Cancel,,Mégsem,,TDB,,WIN,WRKS3
Capture,,Befogás,,TDB,,WIN,WRKS3
Charts,,Diagramok,,TDB,,WIN,WRKS3
Choose A Directory,,Könyvtár kiválasztása,,TDB,,WIN,WRKS3
Column Width,,Oszlopszélesség,,TDB,,WIN,WRKS3
Columns,,Hasábok,,TDB,,WIN,WRKS3
Combination,,Kombinált diagram,,TDB,,WIN,WRKS3
Custom Labels,,Egyéni címke,,TDB,,WIN,WRKS3
Customize Works Toolbar,,Egyedi Works eszköztár,,TDB,,WIN,WRKS3
Data Labels,,Adatfeliratok,,TDB,,WIN,WRKS3
Delete Chart,,Diagram törlése,,TDB,,WIN,WRKS3
Delete Page Break,,Oldaltörés törlése,,TDB,,WIN,WRKS3
Delete Query,,Lekérdezés törlése,,TDB,,WIN,WRKS3
Delete Report,,Jelentés törlése,,TDB,,WIN,WRKS3
Dial Status,,Tárcsázási státusz,,TDB,,WIN,WRKS3
Directories:,,Az élõ könyvtár:,,TDB,,WIN,WRKS3
Drives:,,Lemezmeghajtó:,,TDB,,WIN,WRKS3
Duplicate Chart,,Diagram megkettõzése,,TDB,,WIN,WRKS3
Duplicate Query,,Lekérdezés megkettõzése,,TDB,,WIN,WRKS3
Duplicate Report,,Jelentés megkettõzése,,TDB,,WIN,WRKS3
Easy Connect,,Gyors kapcsolás,,TDB,,WIN,WRKS3
Edit Script,,Parancslista szerkesztése,,TDB,,WIN,WRKS3
Envelopes,,Boríték,,TDB,,WIN,WRKS3
Envelopes and Labels,,Borítékok és címkék,,TDB,,WIN,WRKS3
Field Name,,Mezõnév,,TDB,,WIN,WRKS3
Field Size,,Mezõméret,,TDB,,WIN,WRKS3
Fill Series,,Kitöltés sorozatban,,TDB,,WIN,WRKS3
Find,,Keresés,,TDB,,WIN,WRKS3
Find What:,,Keresendõ:,,TDB,,WIN,WRKS3
Font and Style,,Betûtípus és változat,,TDB,,WIN,WRKS3
Footer margin:,,Lábléc margó:,,TDB,,WIN,WRKS3
Footnote,,Lábjegyzet,,TDB,,WIN,WRKS3
From:,,Elsõ:,,TDB,,WIN,WRKS3
Gallery,,Diagramkészlet,,TDB,,WIN,WRKS3
Go To,,Ugrás,,TDB,,WIN,WRKS3
Header margin:,,Fejléc margó:,,TDB,,WIN,WRKS3
Headers and Footers,,Fejléc és lábléc,,TDB,,WIN,WRKS3
Height:,,Magasság:,,TDB,,WIN,WRKS3
Help,,Súgó,,TDB,,WIN,WRKS3
Horizontal Axis,,Vízszintes tengely,,TDB,,WIN,WRKS3
Horizontal:,,Vízszintes:,,TDB,,WIN,WRKS3
Hyphenation,,Elválasztás,,TDB,,WIN,WRKS3
Import Excel Spreadsheet,,Excel számolótábla importálása,,TDB,,WIN,WRKS3
In-Line,,Szöveg,,TDB,,WIN,WRKS3
Insert Chart,,Diagram beszúrása,,TDB,,WIN,WRKS3
Insert Field,,Mezõ beszúrása,,TDB,,WIN,WRKS3
Insert Field Entry,,Mezõtartalom beszúrása,,TDB,,WIN,WRKS3
Insert Field Name,,Mezõnév beszúrása,,TDB,,WIN,WRKS3
Insert Field Summary,,Összesítés beszúrása,,TDB,,WIN,WRKS3
Insert Function,,Függvény beszúrása,,TDB,,WIN,WRKS3
Insert Page Break,,Oldaltörés beszúrása,,TDB,,WIN,WRKS3
Insert Row,,Sor beszúrása,,TDB,,WIN,WRKS3
Label Entry,,Felirat beírása,,TDB,,WIN,WRKS3
Left margin:,,Bal margó:,,TDB,,WIN,WRKS3
Legend/Series Labels,,Jelmagyarázat/adatsor feliratok,,TDB,,WIN,WRKS3
Line,,Vonaldiagram,,TDB,,WIN,WRKS3
Mailing Labels,,Levélcímke,,TDB,,WIN,WRKS3
Margins,,Margók,,TDB,,WIN,WRKS3
Mixed Line and Bar,,Kombinált vonal- és oszlopdiagram,,TDB,,WIN,WRKS3
Modem Settings,,Modem beállítások,,TDB,,WIN,WRKS3
Modify Script,,Parancslista módosítása,,TDB,,WIN,WRKS3
Name Chart,,Diagram elnevezése,,TDB,,WIN,WRKS3
Name Query,,Lekérdezés elnevezése,,TDB,,WIN,WRKS3
Name Template,,Sablon átnevezése,,TDB,,WIN,WRKS3
Name:,,Név:,,TDB,,WIN,WRKS3
New Chart,,Új diagram,,TDB,,WIN,WRKS3
New Query,,Új lekérdezés,,TDB,,WIN,WRKS3
New Report,,Új jelentés,,TDB,,WIN,WRKS3
Number,,Szám,,TDB,,WIN,WRKS3
Number of Copies:,,Példányszám:,,TDB,,WIN,WRKS3
of document,,a dokumentum végére,,TDB,,WIN,WRKS3
Open,,Megnyitás,,TDB,,WIN,WRKS3
Open File As,,Megnyitás másként,,TDB,,WIN,WRKS3
Other Options,,Egyebek,,TDB,,WIN,WRKS3
Page #:,,Oldalszám:,,TDB,,WIN,WRKS3
Page Setup,,Oldalbeállítás,,TDB,,WIN,WRKS3
Paginating,,Tördelés,,TDB,,WIN,WRKS3
Paper size:,,Papírméret:,,TDB,,WIN,WRKS3
Paper source:,,Papíradagolás:,,TDB,,WIN,WRKS3
Paragraph,,Bekezdés,,TDB,,WIN,WRKS3
Paste Series,,Adatsorok beillesztése,,TDB,,WIN,WRKS3
Paste Special,,Irányított beillesztés,,TDB,,WIN,WRKS3
Patterns,,Mintázat,,TDB,,WIN,WRKS3
Patterns and Colors,,Minták és színek,,TDB,,WIN,WRKS3
Picture/Object,,Kép/objektum,,TDB,,WIN,WRKS3
Print,,Nyomtatás,,TDB,,WIN,WRKS3
Printer Setup,,Nyomtatóbeállítás,,TDB,,WIN,WRKS3
Printer:,,Nyomtató:,,TDB,,WIN,WRKS3
Printing,,Nyomtatás,,TDB,,WIN,WRKS3
Protection,,Adatvédelem,,TDB,,WIN,WRKS3
Radar,,Sugárdiagram,,TDB,,WIN,WRKS3
Range Name,,Tartománynév,,TDB,,WIN,WRKS3
Receive File,,Fájl fogadása,,TDB,,WIN,WRKS3
Record Height,,Rekordmagasság,,TDB,,WIN,WRKS3
Record Script,,Parancslista rögzítése,,TDB,,WIN,WRKS3
Rename Script,,Parancslista átnevezése,,TDB,,WIN,WRKS3
Replace,,Csere,,TDB,,WIN,WRKS3
Report Statistics,,Statisztikai jelentés,,TDB,,WIN,WRKS3
Reports,,Jelentések,,TDB,,WIN,WRKS3
Right margin:,,Jobb margó:,,TDB,,WIN,WRKS3
Right Vertical Axis,,Jobb oldali függõleges tengely,,TDB,,WIN,WRKS3
Row Height,,Sormagasság,,TDB,,WIN,WRKS3
Save As,,Mentés másként,,TDB,,WIN,WRKS3
Save As Template,,Mentés sablonként,,TDB,,WIN,WRKS3
Send File,,Fájl küldése,,TDB,,WIN,WRKS3
Send Text,,Szöveg küldése,,TDB,,WIN,WRKS3
Series,,Adatsorok,,TDB,,WIN,WRKS3
Settings,,Beállítások,,TDB,,WIN,WRKS3
Size,,Méret,,TDB,,WIN,WRKS3
Sort  Rows,,Sorok rendezése,,TDB,,WIN,WRKS3
Sort Records,,Rekordok rendezése,,TDB,,WIN,WRKS3
"Source, Size and Orientation",,"Adagolás, méret és tájolás",,TDB,,WIN,WRKS3
Space between records:,,Rekordok közötti térköz:,,TDB,,WIN,WRKS3
Special Character,,Speciális jel,,TDB,,WIN,WRKS3
Spelling,,Helyesírás,,TDB,,WIN,WRKS3
Spreadsheet/Table,,Számolótábla/táblázat,,TDB,,WIN,WRKS3
Spreadsheets:,,Számolótáblák:,,TDB,,WIN,WRKS3
Stacked Line,,Halmozott vonal,,TDB,,WIN,WRKS3
Startup,,Elindítás,,TDB,,WIN,WRKS3
Step by:,,Lépésköz:,,TDB,,WIN,WRKS3
Style,,Változat,,TDB,,WIN,WRKS3
Tabs,,Tabulátorok,,TDB,,WIN,WRKS3
Terminal,,Terminál,,TDB,,WIN,WRKS3
Test Label Printing,,Címkék próbanyomtatása,,TDB,,WIN,WRKS3
Text Wrap,,Tördelés,,TDB,,WIN,WRKS3
Thesaurus,,Szinonimaszótár,,TDB,,WIN,WRKS3
Titles,,Címek,,TDB,,WIN,WRKS3
Top margin:,,Felsõ margó:,,TDB,,WIN,WRKS3
Transfer,,Átvitel,,TDB,,WIN,WRKS3
Two Vertical Axes,,Két függõleges tengely,,TDB,,WIN,WRKS3
Vertical Axis,,Függõleges tengely,,TDB,,WIN,WRKS3
Vertical:,,Függõleges:,,TDB,,WIN,WRKS3
Welcome to Microsoft Works,,Kezdõ lépések,,TDB,,WIN,WRKS3
Width:,,Szélesség:,,TDB,,WIN,WRKS3
Zoom,,Nagyítás,,TDB,,WIN,WRKS3
Across page:,,Egymás mellett:,,TXB,,WIN,WRKS3
Chart height:,,Diagram magassága:,,TXB,,WIN,WRKS3
Down page:,,Egymás alatt:,,TXB,,WIN,WRKS3
File Name:,,Fájlnév:,,TXB,,WIN,WRKS3
Horizontal:,,Vízszintesen:,,TXB,,WIN,WRKS3
Left indent:,,Bal oldali behúzás:,,TXB,,WIN,WRKS3
Left margin,,Bal margó,,TXB,,WIN,WRKS3
Length:,,Magasság:,,TXB,,WIN,WRKS3
Name:,,Név:,,TXB,,WIN,WRKS3
Number of columns:,,Oszlopok száma:,,TXB,,WIN,WRKS3
Page length,,Oldalmagasság,,TXB,,WIN,WRKS3
Page width,,Oldalszélesség,,TXB,,WIN,WRKS3
Paper size:,,Papírméret:,,TXB,,WIN,WRKS3
Query:,,Lekérdezés:,,TXB,,WIN,WRKS3
Report Title:,,Jelentés címe:,,TXB,,WIN,WRKS3
Right indent:,,Jobb oldali behúzás:,,TXB,,WIN,WRKS3
Space after:,,Térköz utána:,,TXB,,WIN,WRKS3
Space before:,,Térköz elõtte:,,TXB,,WIN,WRKS3
Space between:,,Hasábköz:,,TXB,,WIN,WRKS3
Top margin:,,Felsõ margó:,,TXB,,WIN,WRKS3
Vertical:,,Függõlegesen:,,TXB,,WIN,WRKS3
Width:,,Szélesség:,,TXB,,WIN,WRKS3
10 x 14 in,,10 x 14 hüvelyk,,TXT,,WIN,WRKS3
Address Book,,Címjegyzék,,TXT,,WIN,WRKS3
After Paragraphs:,,Bekezdés után:,,TXT,,WIN,WRKS3
All Files (*.*)|*.*,,Minden fájl (*.*)|*.*,,TXT,,WIN,WRKS3
an envelope,,egy boríték,,TXT,,WIN,WRKS3
Answer Mode Off,,Hívásfogadás ki,,TXT,,WIN,WRKS3
Answer Mode On,,Hívásfogadás be,,TXT,,WIN,WRKS3
Append,,Hozzáfûzés,,TXT,,WIN,WRKS3
Area,,Terület,,TXT,,WIN,WRKS3
Auto Select,,Automatikus kiválasztás,,TXT,,WIN,WRKS3
Background:,,Háttér:,,TXT,,WIN,WRKS3
Baud rate:,,Sebesség (Baud):,,TXT,,WIN,WRKS3
Before Paragraphs:,,Bekezdés elõtt:,,TXT,,WIN,WRKS3
Between Lines:,,Sorköz:,,TXT,,WIN,WRKS3
Business Contacts,,Fájlkezelõ,,TXT,,WIN,WRKS3
Business Inventory,,Gyors-adatbázis,,TXT,,WIN,WRKS3
Busy,,Foglalt,,TXT,,WIN,WRKS3
Canada (French),,Kanada (francia),,TXT,,WIN,WRKS3
Category (X) Series:,,Kategóriasorozat (X):,,TXT,,WIN,WRKS3
Cell,,Cella,,TXT,,WIN,WRKS3
Change in Object,,Objektummódosítás,,TXT,,WIN,WRKS3
Change To:,,Új szöveg:,,TXT,,WIN,WRKS3
Changed Once: =,,Volt már ilyen javítás: =,,TXT,,WIN,WRKS3
Chart title:,,Diagram címe:,,TXT,,WIN,WRKS3
Choice,,Érték,,TXT,,WIN,WRKS3
Classic 1,,Klasszikus 1,,TXT,,WIN,WRKS3
Clear,,Törlés,,TXT,,WIN,WRKS3
CM Settings|*.wcm,,Adatátviteli beállítások|*.wcm,,TXT,,WIN,WRKS3
Colorful 1,,Színes 1,,TXT,,WIN,WRKS3
Colors:,,Színek:,,TXT,,WIN,WRKS3
Combination,,Kombinált,,TXT,,WIN,WRKS3
Commands:,,Parancsok:,,TXT,,WIN,WRKS3
Communications,,adatátvitel,,TXT,,WIN,WRKS3
Cond,,Feltétel,,TXT,,WIN,WRKS3
Connect,,Kapcsolás,,TXT,,WIN,WRKS3
Connecting to:,,Hívott állomás:,,TXT,,WIN,WRKS3
Connecting...,,Kapcsolatfelvétel...,,TXT,,WIN,WRKS3
Connection status...,,Kapcsolási státusz...,,TXT,,WIN,WRKS3
Copy Text\tCtrl+C,,Szöveg másolása\tCtrl+C,,TXT,,WIN,WRKS3
Cost,,Ár,,TXT,,WIN,WRKS3
Current database:,,Aktuális adatbázis:,,TXT,,WIN,WRKS3
Custom,,Egyéni,,TXT,,WIN,WRKS3
Custom Label Size,,Egyéni címkeméret,,TXT,,WIN,WRKS3
Custom Size,,Tetszõleges méret,,TXT,,WIN,WRKS3
Customer Profile,,Gyûjtemény katalógus,,TXT,,WIN,WRKS3
D size sheet,,D lap,,TXT,,WIN,WRKS3
Database,,Adatbázis,,TXT,,WIN,WRKS3
DateSerialNumber,,Dátum,,TXT,,WIN,WRKS3
Default number of decimals:,,Tizedesjegyek alapértéke:,,TXT,,WIN,WRKS3
Default Tab Spacing:,,Alapérték:,,TXT,,WIN,WRKS3
Default Tray,,Standard adagoló,,TXT,,WIN,WRKS3
Delete Envelope,,Borítéktörlés,,TXT,,WIN,WRKS3
Delete PageBreak,,Törlés (oldaltörés),,TXT,,WIN,WRKS3
Delete Row,,Sortörlés,,TXT,,WIN,WRKS3
Denmark,,Dánia,,TXT,,WIN,WRKS3
Dial Prefix,,Tárcsázás elõtagja,,TXT,,WIN,WRKS3
Dial Suffix,,Tárcsázás utótagja,,TXT,,WIN,WRKS3
Direct Connection,,Közvetlen kapcsolat,,TXT,,WIN,WRKS3
Drag and Drop,,Húzás,,TXT,,WIN,WRKS3
E size sheet,,E lap,,TXT,,WIN,WRKS3
East,,Kelet,,TXT,,WIN,WRKS3
Edit Object,,Objektumszerkesztés,,TXT,,WIN,WRKS3
Editing,,Szerkesztés,,TXT,,WIN,WRKS3
Entry,,Beírás,,TXT,,WIN,WRKS3
Envelope Feed,,Borítékadagoló,,TXT,,WIN,WRKS3
Error,,Hiba,,TXT,,WIN,WRKS3
Escape,,Kilépés,,TXT,,WIN,WRKS3
Example:,,Példa:,,TXT,,WIN,WRKS3
Field Width,,Mezõszélesség,,TXT,,WIN,WRKS3
File Organizer,,Fájlkezelõ,,TXT,,WIN,WRKS3
Fill Right,,Kitöltés (jobbra),,TXT,,WIN,WRKS3
Fill Series,,Kitöltés (sorozatban),,TXT,,WIN,WRKS3
Find What:,,Keresendõ:,,TXT,,WIN,WRKS3
Find What:,,Kicserélendõ:,,TXT,,WIN,WRKS3
Finland,,Finnország,,TXT,,WIN,WRKS3
First Line:,,Elsõ sor:,,TXT,,WIN,WRKS3
Font:,,Betûtípus:,,TXT,,WIN,WRKS3
Footer:,,Lábléc:,,TXT,,WIN,WRKS3
Footnote,,Körlevél,,TXT,,WIN,WRKS3
Footnote,,Lábjegyzet,,TXT,,WIN,WRKS3
Foreground:,,Elõtér:,,TXT,,WIN,WRKS3
Form Letter,,Lábjegyzet,,TXT,,WIN,WRKS3
Format,,Formátum,,TXT,,WIN,WRKS3
Found modem on %s.,,Elérhetõ modem: %s.,,TXT,,WIN,WRKS3
France,,Franciaország,,TXT,,WIN,WRKS3
From Paste,,Vágólapról,,TXT,,WIN,WRKS3
Gallery,,Diagramkészlet,,TXT,,WIN,WRKS3
Germany,,Németország,,TXT,,WIN,WRKS3
Guess,,Találgat,,TXT,,WIN,WRKS3
Hang Up,,Bontás,,TXT,,WIN,WRKS3
History:,,Elõzmények:,,TXT,,WIN,WRKS3
Home Inventory,,Levélfejléc,,TXT,,WIN,WRKS3
Horizontal (X) Axis:,,Vízszintes tengely (X):,,TXT,,WIN,WRKS3
Horizontal spacing,,Vízszintes távolság,,TXT,,WIN,WRKS3
Hot Zone:,,Elválasztható mezõ:,,TXT,,WIN,WRKS3
Hour,,Óra,,TXT,,WIN,WRKS3
How to compare the field:,,Összehasonlítási szempont:,,TXT,,WIN,WRKS3
Hyphenate At:,,Elválasztás helye:,,TXT,,WIN,WRKS3
Hyphenates a word if at end of line,,Sorvégi szóelválasztás,,TXT,,WIN,WRKS3
Incorrect hyphenation,,Helytelen elválasztás,,TXT,,WIN,WRKS3
Initialize,,Elindítás,,TXT,,WIN,WRKS3
Insert Column,,Oszlopbeszúrás,,TXT,,WIN,WRKS3
Insert Object,,Objektumbeszúrás,,TXT,,WIN,WRKS3
Insert PageBreak,,Beszúrás (oldaltörés),,TXT,,WIN,WRKS3
Insert Row,,Sorbeszúrás,,TXT,,WIN,WRKS3
Italian Envelope,,Olasz boríték,,TXT,,WIN,WRKS3
Italy,,Olaszország,,TXT,,WIN,WRKS3
Keyword Search,,Kulcsszó keresése,,TXT,,WIN,WRKS3
Label frequency:,,Felirat sûrûsége:,,TXT,,WIN,WRKS3
Label Name:,,Felirat:,,TXT,,WIN,WRKS3
Large Capacity,,Nagykapacitású,,TXT,,WIN,WRKS3
Large Format,,Nagyalakú,,TXT,,WIN,WRKS3
Length,,Hossz,,TXT,,WIN,WRKS3
Letterhead,,Tagnyilvántartás,,TXT,,WIN,WRKS3
Life,,Élettartam,,TXT,,WIN,WRKS3
Line,,Vonal,,TXT,,WIN,WRKS3
Line Delay:,,Sorkésleltetés:,,TXT,,WIN,WRKS3
LookupValue,,Érték,,TXT,,WIN,WRKS3
Lower Tray,,Alsó adagoló,,TXT,,WIN,WRKS3
Manual Envelope,,Kézi borítékadagolás,,TXT,,WIN,WRKS3
Manual Feed,,Kézi adagolás,,TXT,,WIN,WRKS3
Markers:,,Jelkészlet:,,TXT,,WIN,WRKS3
Maximum:,,Maximum:,,TXT,,WIN,WRKS3
Meanings:,,Jelentések:,,TXT,,WIN,WRKS3
Membership Tracker,,Tanulónyilvántartás,,TXT,,WIN,WRKS3
Minute,,Perc,,TXT,,WIN,WRKS3
Modem Name,,Modem neve,,TXT,,WIN,WRKS3
Modem port:,,Modem csatlakozó:,,TXT,,WIN,WRKS3
Multimedia Edition,,Multimédia kiadás,,TXT,,WIN,WRKS3
Name of service:,,Hívott állomás neve:,,TXT,,WIN,WRKS3
Name:,,Név:,,TXT,,WIN,WRKS3
Names,,Nevek,,TXT,,WIN,WRKS3
New name:,,Új név:,,TXT,,WIN,WRKS3
North,,Észak,,TXT,,WIN,WRKS3
Norway,,Norvégia,,TXT,,WIN,WRKS3
Now paginating,,Tördelés alatt,,TXT,,WIN,WRKS3
Now printing,,Nyomtatás,,TXT,,WIN,WRKS3
Number of decimals:,,Tizedesjegyek:,,TXT,,WIN,WRKS3
Number of digits:,,Számjegyek:,,TXT,,WIN,WRKS3
Offset,,Kezdet,,TXT,,WIN,WRKS3
Page Footer,,Lábléc,,TXT,,WIN,WRKS3
Paste,,Beillesztés,,TXT,,WIN,WRKS3
Paste Text,,Szöveg beillesztése,,TXT,,WIN,WRKS3
Pattern:,,Mintázat:,,TXT,,WIN,WRKS3
Patterns:,,Minták:,,TXT,,WIN,WRKS3
Pause for the following length of time:,,A szünet hossza:,,TXT,,WIN,WRKS3
Payment,,Részlet,,TXT,,WIN,WRKS3
Period,,Idõszak,,TXT,,WIN,WRKS3
Personal Envelope,,Egyedi boríték,,TXT,,WIN,WRKS3
Phone number:,,Telefonszám:,,TXT,,WIN,WRKS3
Port:,,Csatlakozó:,,TXT,,WIN,WRKS3
PresentVal,,JelenÉrték,,TXT,,WIN,WRKS3
Prints current time,,Nyomtatás idejének beszúrása,,TXT,,WIN,WRKS3
Prints filename,,Fájlnév nyomtatása,,TXT,,WIN,WRKS3
Prints page number,,Oldalszámozás nyomtatása,,TXT,,WIN,WRKS3
Queries:,,Lekérdezések:,,TXT,,WIN,WRKS3
Radar,,Sugár,,TXT,,WIN,WRKS3
Ranges:,,Tartományok:,,TXT,,WIN,WRKS3
Rate,,Kamatláb,,TXT,,WIN,WRKS3
Receive binary file,,Bináris fájl fogadása,,TXT,,WIN,WRKS3
Receive Directory:,,Fogadó könyvtár:,,TXT,,WIN,WRKS3
Receiving in progress...,,Vétel folyamatban...,,TXT,,WIN,WRKS3
Recently used files:,,Új keletû dokumentumok:,,TXT,,WIN,WRKS3
Record Height,,Rekordmagasság,,TXT,,WIN,WRKS3
Redial attempts:,,Ismétlések száma:,,TXT,,WIN,WRKS3
Redial delay:,,Köztes szünet (mp):,,TXT,,WIN,WRKS3
Repaginating page,,Tördelés alatt,,TXT,,WIN,WRKS3
Repeated Word,,Ismételt szó,,TXT,,WIN,WRKS3
Replace With:,,Új szöveg:,,TXT,,WIN,WRKS3
Ringing,,Csengetés,,TXT,,WIN,WRKS3
Round to:,,Kerekítés:,,TXT,,WIN,WRKS3
Script to edit:,,Parancslista:,,TXT,,WIN,WRKS3
Second,,Másodperc,,TXT,,WIN,WRKS3
Seconds,,másodperc,,TXT,,WIN,WRKS3
Serial Number:,,Sorozatszám:,,TXT,,WIN,WRKS3
Service,,Hívott állomás,,TXT,,WIN,WRKS3
Sheets:,,Számolótáblák:,,TXT,,WIN,WRKS3
Sign-on,,Bejelentkezés,,TXT,,WIN,WRKS3
Size:,,Méret:,,TXT,,WIN,WRKS3
Skipping this file...,,A megadott fájl kihagyása...,,TXT,,WIN,WRKS3
Small Format,,Kis formátumú,,TXT,,WIN,WRKS3
South,,Dél,,TXT,,WIN,WRKS3
Spain,,Spanyolország,,TXT,,WIN,WRKS3
"Starts a new line, not new paragraph",,Új sor kezdése,,TXT,,WIN,WRKS3
Student Profile,,Üzleti kapcsolatok,,TXT,,WIN,WRKS3
Subtitle and Labels,,Alcím és feliratok,,TXT,,WIN,WRKS3
Suggestions:,,Javaslatok:,,TXT,,WIN,WRKS3
Synonyms:,,Szinonimák:,,TXT,,WIN,WRKS3
Table Format:,,Táblázatformátum:,,TXT,,WIN,WRKS3
Table of Contents,,Tartalomjegyzék,,TXT,,WIN,WRKS3
Template Name:,,Sablon neve:,,TXT,,WIN,WRKS3
Term,,Futamidõ,,TXT,,WIN,WRKS3
Terminating the transfer...,,Átvitel megszakítása...,,TXT,,WIN,WRKS3
